{
  "error": "Camera Disconnected",
  "faultySensor": "camera1",
  "lastCamerasFrame": {
    "Camera1": {
      "time": 12,
      "detectedObjects": [
        {
          "id": "Wall_3",
          "description": "Wall"
        }
      ]
    }
  },
  "lastLiDarWorkerTrackersFrame": {
    "LiDarWorkerTracker1": [
      {
        "id": "Wall_3",
        "time": 12,
        "description": "Wall",
        "coordinates": [
          {
            "x": 3.1,
            "y": -0.4
          },
          {
            "x": 3.2,
            "y": -0.2
          }
        ]
      }
    ]
  },
  "poses": [
    {
      "time": 1,
      "x": 0.0,
      "y": 0.0,
      "yaw": 0.0
    },
    {
      "time": 2,
      "x": -3.2076,
      "y": 0.0755,
      "yaw": -87.48
    },
    {
      "time": 3,
      "x": -5.7074,
      "y": 0.1484,
      "yaw": -92.68
    },
    {
      "time": 4,
      "x": -4.953,
      "y": 1.3106,
      "yaw": 144.06
    },
    {
      "time": 5,
      "x": -4.817,
      "y": 2.8094,
      "yaw": 132.57
    },
    {
      "time": 6,
      "x": -3.16,
      "y": 3.1058,
      "yaw": -28.08
    },
    {
      "time": 7,
      "x": -2.366,
      "y": 0.9327,
      "yaw": -28.08
    },
    {
      "time": 8,
      "x": -1.118,
      "y": 2.1373,
      "yaw": 22.98
    },
    {
      "time": 9,
      "x": -0.436,
      "y": 2.8818,
      "yaw": 38.85
    },
    {
      "time": 10,
      "x": 0.0,
      "y": 3.6,
      "yaw": 57.3
    },
    {
      "time": 11,
      "x": 0.5,
      "y": 4.4,
      "yaw": 68.76
    },
    {
      "time": 12,
      "x": 1.2,
      "y": 5.1,
      "yaw": 85.95
    },
    {
      "time": 13,
      "x": 2.0,
      "y": 5.8,
      "yaw": 103.09
    },
    {
      "time": 14,
      "x": 3.0,
      "y": 6.3,
      "yaw": 120.35
    }
  ],
  "statistics": {
    "systemRuntime": 14,
    "numDetectedObjects": 9,
    "numTrackedObjects": 9,
    "numLandmarks": 7,
    "landMarks": {
      "Wall_1": {
        "id": "Wall_1",
        "description": "Wall",
        "coordinates": [
          {
            "x": -1.260438231426796,
            "y": 3.124125914456589
          },
          {
            "x": -1.3038657317253883,
            "y": 2.9438188258406823
          }
        ]
      },
      "Wall_3": {
        "id": "Wall_3",
        "description": "Wall",
        "coordinates": [
          {
            "x": -2.6882128166564954,
            "y": 5.78546831239456
          },
          {
            "x": -2.852941221056273,
            "y": 5.763747954999182
          }
        ]
      },
      "Chair_Base_1": {
        "id": "Chair_Base_1",
        "description": "Chair Base",
        "coordinates": [
          {
            "x": -5.9690692171496,
            "y": 3.2882506903335442
          },
          {
            "x": -5.927073507360796,
            "y": 2.903373551548536
          }
        ]
      },
      "Wall_4": {
        "id": "Wall_4",
        "description": "Wall",
        "coordinates": [
          {
            "x": -6.967482217833583,
            "y": 1.3581873950034247
          },
          {
            "x": -3.3107835798172274,
            "y": -0.9851685853651855
          }
        ]
      },
      "Circular_Base_1": {
        "id": "Circular_Base_1",
        "description": "Circular Base",
        "coordinates": [
          {
            "x": -3.0700932288601543,
            "y": 1.7225610535308697
          },
          {
            "x": -3.265806720135055,
            "y": 1.8664173062034222
          }
        ]
      },
      "Door": {
        "id": "Door",
        "description": "Door",
        "coordinates": [
          {
            "x": -2.913332578606659,
            "y": -1.1554635639732926
          },
          {
            "x": -2.742785996686237,
            "y": -1.4731329886827864
          }
        ]
      },
      "Wall_5": {
        "id": "Wall_5",
        "description": "Wall",
        "coordinates": [
          {
            "x": -4.0534908234217,
            "y": -0.2708524089971345
          },
          {
            "x": -4.1186437100532896,
            "y": -0.29446239340143254
          }
        ]
      }
    }
  }
}