{
    "camera1":[
        [
            {
                "time": 1,
                "detectedObjects": [
                    {
                        "id": "Wall_2",
                        "description": "Wall"
                    }
                ]
            },
            {
                "time": 2,
                "detectedObjects": [
                    {
                        "id": "Wall_1",
                        "description": "Wall"
                    },
                    {
                        "id": "Door_1",
                        "description": "Door"
                    },
                    {
                        "id": "Wall_2",
                        "description": "Wall"
                    }
                ]
            },
            {
                "time": 3,
                "detectedObjects": [
                    {
                        "id": "Wall_3",
                        "description": "Wall"
                    },
                    {
                        "id": "Wall_4",
                        "description": "Wall"
                    },
                    {
                        "id": "Chair_Base_1",
                        "description": "Chair Base"
                    }
                ]
            },
            {
                "time": 4,
                "detectedObjects": [
                    {
                        "id": "Chair_Base_1",
                        "description": "Chair Base"
                    },
                    {
                        "id": "Circular_Base_1",
                        "description": "Circular Base"
                    }
                ]
            },
            {
                "time": 5,
                "detectedObjects": [

                    {
                        "id": "Door_1",
                        "description": "Door"
                    },
                    {
                        "id": "Circular_Base_1",
                        "description": "Circular Base"
                    }
                ]
            },
            {
                "time": 6,
                "detectedObjects": [
                    {
                        "id": "furniture_1",
                        "description": "A White Wooden Closet"
                    },
                    {
                        "id": "furniture_2",
                        "description": "A Drawer unit"
                    }
                ]
            },
            {
                "time": 7,
                "detectedObjects": [
                    {
                        "id": "furniture_1",
                        "description": "A White Wooden Closet"
                    },
                    {
                        "id": "furniture_2",
                        "description": "A Drawer unit"
                    },
                    {
                        "id": "furniture_3",
                        "description": "Bed"
                    }
                ]
            },
            {
                "time": 8,
                "detectedObjects": [
                    {
                        "id": "Chair_Base_2",
                        "description": "A Blue Chair with wooden legs"
                    },
                    {
                        "id": "ERROR",
                        "description": "GLaDOS has repurposed the robot to conduct endless cake-fetching tests. Success is a lie."
                    },
                    {
                        "id": "furniture_3",
                        "description": "Bed"
                    }
                ]
            },
            {
                "time": 9,
                "detectedObjects": [
                    {
                        "id": "Bin",
                        "description": "A bin"
                    }
                ]
            },
            {
                "time": 10,
                "detectedObjects": [
                    {
                        "id": "Wall_3",
                        "description": "Wall"
                    },
                    {
                        "id": "Wall_4",
                        "description": "Wall"
                    }
                ]
            },
            {
                "time": 11,
                "detectedObjects": [
                    {
                        "id": "Circular_Base_1",
                        "description": "Circular Base"
                    }
                ]
            },
            {
                "time": 12,
                "detectedObjects": [
                ]
            },
            {
                "time": 13,
                "detectedObjects": [
                    {
                        "id": "Wall_1",
                        "description": "Wall"
                    },
                    {
                        "id": "Wall_2",
                        "description": "Wall"
                    }
                ]
            }
        ]
    ],
    "camera2":[
        [
            {
                "time": 1,
                "detectedObjects": [
                    {
                        "id": "Wall_1",
                        "description": "Wall"
                    }
                ]
            },
            {
                "time": 2,
                "detectedObjects": [
                    {
                        "id": "Wall_3",
                        "description": "Wall"
                    },
                    {
                        "id": "Circular_Base_1",
                        "description": "Circular Base"
                    }
                ]
            },            {
            "time": 3,
            "detectedObjects": [
                {
                    "id": "Wall_1",
                    "description": "Wall"
                },
                {
                    "id": "Circular_Base_1",
                    "description": "Circular Base"
                }
            ]
        },{
            "time": 4,
            "detectedObjects": [
                {
                    "id": "Wall_1",
                    "description": "Wall"
                },
                {
                    "id": "Wall_3",
                    "description": "Wall"
                },
                {
                    "id": "Wall_4",
                    "description": "Wall"
                }
            ]
        },{
            "time": 5,
            "detectedObjects": [
                {
                    "id": "Wall_1",
                    "description": "Wall"
                },
                {
                    "id": "Wall_3",
                    "description": "Wall"
                },
                {
                    "id": "Chair_Base_1",
                    "description": "Chair Base"
                }
            ]
        },{
            "time": 6,
            "detectedObjects": [
                {
                    "id": "Door_2",
                    "description": "Door"
                },
                {
                    "id": "Wall_5",
                    "description": "Wall"
                },
                {
                    "id": "Wall_3",
                    "description": "Wall"
                },
                {
                    "id": "furniture_3",
                    "description": "Bed"
                }
            ]
        },            {
            "time": 7,
            "detectedObjects": [
                {
                    "id": "Door_2",
                    "description": "Door"
                },
                {
                    "id": "Wall_5",
                    "description": "Wall"
                },
                {
                    "id": "Wall_3",
                    "description": "Wall"
                }
            ]
        },
            {
                "time": 8,
                "detectedObjects": [
                    {
                        "id": "Wall_4",
                        "description": "Wall"
                    },
                    {
                        "id": "Wall_3",
                        "description": "Wall"
                    }
                ]
            },{
            "time": 9,
            "detectedObjects": [
                {
                    "id": "Wall_6",
                    "description": "Wall"
                },
                {
                    "id": "furniture_4",
                    "description": "A Drawer unit"
                },
                {
                    "id": "Chair_Base_2",
                    "description": "A Blue Chair with wooden legs"
                },
                {
                    "id": "Table_Base_1",
                    "description": "A Wooden Table"
                },
                {
                    "id": "curtain_1",
                    "description": "A gray curtain"
                }
            ]
        },
            {
                "time": 10,
                "detectedObjects": [
                    {
                        "id": "furniture_3",
                        "description": "Bed"
                    },
                    {
                        "id": "furniture_4",
                        "description": "A Drawer unit"
                    },
                    {
                        "id": "Chair_Base_2",
                        "description": "A Blue Chair with wooden legs"
                    },
                    {
                        "id": "Bin",
                        "description": "A bin"
                    }
                ]
            },{
            "time": 11,
            "detectedObjects": [
                {
                    "id": "Chair_Base_1",
                    "description": "Chair Base"
                },
                {
                    "id": "Wall_4",
                    "description": "Wall"
                },
                {
                    "id": "Wall_3",
                    "description": "Wall"
                },
                {
                    "id": "Wall_1",
                    "description": "Wall"
                }
            ]
        },{
            "time": 12,
            "detectedObjects": [
                {
                    "id": "Wall_1",
                    "description": "Wall"
                },
                {
                    "id": "Wall_2",
                    "description": "Wall"
                },
                {
                    "id": "Door_1",
                    "description": "Door"
                },
                {
                    "id": "Chair_Base_1",
                    "description": "Chair Base"
                },
                {
                    "id": "Circular_Base_1",
                    "description": "Circular Base"
                }
            ]
        },{
            "time": 13,
            "detectedObjects": [
            ]
        }
        ]
    ]
}
