{
  "statistics": {
    "systemRuntime": 22,
    "numDetectedObjects": 13,
    "numTrackedObjects": 13,
    "numLandmarks": 7
  },
  "landmarks": [
    {
      "id": "Wall_1",
      "description": "Wall",
      "coordinates": [
        {
          "x": -1.260438231426796,
          "y": 3.124125914456589
        },
        {
          "x": -1.3038657317253883,
          "y": 2.9438188258406823
        }
      ]
    },
    {
      "id": "Wall_3",
      "description": "Wall",
      "coordinates": [
        {
          "x": -2.6882128166564954,
          "y": 5.78546831239456
        },
        {
          "x": -2.852941221056273,
          "y": 5.763747954999182
        }
      ]
    },
    {
      "id": "Chair_Base_1",
      "description": "Chair Base",
      "coordinates": [
        {
          "x": 0.037252720247020754,
          "y": 6.086392198939979
        },
        {
          "x": 0.16704577698634138,
          "y": 5.7502052241458035
        }
      ]
    },
    {
      "id": "Wall_4",
      "description": "Wall",
      "coordinates": [
        {
          "x": 1.1887387639977982,
          "y": 5.046603301251042
        },
        {
          "x": 1.253377554158204,
          "y": 5.113604111414717
        }
      ]
    },
    {
      "id": "Circular_Base_1",
      "description": "Circular Base",
      "coordinates": [
        {
          "x": 3.2468144035674857,
          "y": 5.632104996726555
        },
        {
          "x": 3.2171102246841246,
          "y": 5.904919229214624
        }
      ]
    },
    {
      "id": "Door",
      "description": "Door",
      "coordinates": [
        {
          "x": -2.913332578606659,
          "y": -1.1554635639732926
        },
        {
          "x": -2.742785996686237,
          "y": -1.4731329886827864
        }
      ]
    },
    {
      "id": "Wall_5",
      "description": "Wall",
      "coordinates": [
        {
          "x": 0.8142376183545283,
          "y": 1.7138954090461365
        },
        {
          "x": 0.8500729658054946,
          "y": 1.6842067124155164
        }
      ]
    }
  ]
}