{
  "systemRuntime": 22,
  "numDetectedObjects": 13,
  "numTrackedObjects": 13,
  "numLandmarks": 7,
  "landMarks": {
    "Wall_4": {
      "id": "Wall_4",
      "description": "Wall",
      "coordinates": [
        {
          "x": 1.1887387639977982,
          "y": 5.046603301251042
        },
        {
          "x": 1.2533775541582042,
          "y": 5.113604111414717
        }
      ]
    },
    "Wall_3": {
      "id": "Wall_3",
      "description": "Wall",
      "coordinates": [
        {
          "x": -2.6882128166564954,
          "y": 5.78546831239456
        },
        {
          "x": -2.8529412210562732,
          "y": 5.763747954999182
        }
      ]
    },
    "Circular_Base_1": {
      "id": "Circular_Base_1",
      "description": "Circular Base",
      "coordinates": [
        {
          "x": 3.2468144035674857,
          "y": 5.632104996726555
        },
        {
          "x": 3.2171102246841246,
          "y": 5.904919229214624
        }
      ]
    },
    "Wall_1": {
      "id": "Wall_1",
      "description": "Wall",
      "coordinates": [
        {
          "x": -1.2604382314267957,
          "y": 3.124125914456589
        },
        {
          "x": -1.303865731725388,
          "y": 2.9438188258406823
        }
      ]
    },
    "Door": {
      "id": "Door",
      "description": "Door",
      "coordinates": [
        {
          "x": -2.913332578606659,
          "y": -1.1554635639732926
        },
        {
          "x": -2.7427859966862367,
          "y": -1.4731329886827864
        }
      ]
    },
    "Chair_Base_1": {
      "id": "Chair_Base_1",
      "description": "Chair Base",
      "coordinates": [
        {
          "x": 0.037252720247020754,
          "y": 6.086392198939979
        },
        {
          "x": 0.16704577698634138,
          "y": 5.7502052241458035
        }
      ]
    },
    "Wall_5": {
      "id": "Wall_5",
      "description": "Wall",
      "coordinates": [
        {
          "x": 0.8142376183545279,
          "y": 1.7138954090461358
        },
        {
          "x": 0.8500729658054942,
          "y": 1.6842067124155156
        }
      ]
    }
  }
}